PR Name,Created Date,Author
,2024-11-19T23:23:13Z,DH-555
,2024-11-19T15:48:18Z,TorstenDittmann
,2024-11-19T02:07:45Z,lohanidamodar
,2024-11-18T08:00:44Z,lohanidamodar
,2024-11-14T08:14:45Z,vermakhushboo
,2024-11-14T04:13:56Z,lohanidamodar
,2024-11-13T16:17:10Z,vermakhushboo
,2024-11-13T00:22:54Z,PineappleIOnic
,2024-11-12T19:49:08Z,dependabot
,2024-11-11T19:11:34Z,vermakhushboo
,2024-11-11T06:29:28Z,PineappleIOnic
,2024-11-07T03:37:15Z,PineappleIOnic
,2024-11-06T18:16:47Z,vermakhushboo
,2024-11-06T11:08:45Z,christyjacob4
,2024-11-06T10:53:41Z,Meldiron
,2024-11-05T03:27:08Z,lohanidamodar
,2024-10-30T21:05:21Z,patHyatt
,2024-10-29T20:40:48Z,AryanSwaroop
,2024-10-27T10:48:58Z,TorstenDittmann
,2024-10-27T10:42:47Z,DH-555
,2024-10-26T11:44:15Z,Shaik-Sirajuddin
,2024-10-25T16:48:40Z,vermakhushboo
,2024-10-25T15:39:11Z,shimonewman
,2024-10-24T16:27:36Z,raman04-byte
,2024-10-24T09:49:16Z,Shaik-Sirajuddin